yes,East Ogden Avenue
yes,North Lake Shore Drive
yes,Adlai Stevenson Expressway
yes,Kennedy Expressway
yes,Mannheim Road
yes,Mannheim Road
yes,Mannheim Road
yes,North Lake Shore Drive
yes,n/a
yes,Kennedy Expressway
yes,Tri-State Tollway
yes,n/a
yes,n/a
yes,n/a
yes,n/a
yes,Wicker Park Drive
yes,Robertson Place
yes,Stewart Court
yes,Saint Joseph Avenue
yes,Fern Street
yes,Hidalgo Lane
yes,Franklin Street
yes,River Drive
yes,Lithuanica Avenue
yes,Deal Street
yes,Walnut Drive
yes,Sycamore Avenue
yes,East 140th Place
yes,Wildwood Road
yes,Purdue Drive
yes,n/a
yes,n/a
yes,Garfield Avenue
yes,Water Street
yes,Sheldon Avenue
yes,n/a
yes,Chinnuk Drive
yes,South Cayuga Court
yes,North Essington Road
yes,West Sioux Drive
yes,South Bolingbrook Drive
yes,n/a
yes,n/a
yes,Broken Arrow Drive
yes,n/a
yes,Eagle Ridge Court
yes,Indianwood Lane
yes,Prospect Avenue
yes,West Hillside Road
yes,Redwood Lane
yes,Michael McGuire Drive
yes,River Oak Drive
yes,Westings Avenue
yes,Meridian Lake Drive
yes,Arborview Drive
yes,South Neltnor Boulevard
yes,Comfort Drive
yes,n/a
yes,n/a
yes,Central Avenue
yes,Heather Lane
yes,Millbrook Lane
yes,6th Street
yes,Laurel Avenue
yes,Greenwood Street
no,West Berwyn Avenue
yes,Lakefront Trail
yes,North Lake Shore Drive
yes,North Lake Shore Drive
yes,North Lake Shore Drive
yes,North Lake Shore Drive
yes,East Randolph Street
yes,North Damen Avenue
yes,WIlson Skate Park
yes,Forest Avenue
yes,n/a
yes,n/a
yes,n/a
yes,n/a
yes,n/a
yes,n/a
yes,West Watling Street
yes,n/a
yes,n/a
yes,n/a
yes,n/a
yes,n/a
yes,East McConnor Parkway
yes,n/a
yes,South Princeton Court
yes,North Ridgeway Avenue
yes,West Cypress Street
yes,Schaumburg Road
no,South Church Road
yes,Knox Avenue
yes,South Ridge Avenue
yes,North Beverly Lane
yes,South Belmont Avenue
yes,North 10th Avenue
yes,North Claremont Avenue
yes,Owl Drive
yes,North Campbell Avenue
yes,North Highland Avenue
yes,West Cedar Street
yes,South Windsor Drive
yes,South Windsor Drive
yes,West Olive Avenue
yes,East Sunset Terrace
yes,West Windsor Avenue
yes,Fairfax Avenue
yes,Helen Drive
yes,South Harvard Couth
yes,North Maplewood Avenue
yes,North Maplewood Avenue
yes,North Maplewood Avenue
yes,North 15th Avenue
yes,Plum Grove Drive
yes,South Whippoorwill Lane
yes,Linneman Road
yes,Lee Drive
yes,West 14th Street
yes,West Partridge Drive
yes,Middlebury Court
yes,Krowka Drive
yes,East Magnolia Street
yes,Stanton Court
yes,Charleston Court
yes,South Harvard Drive
yes,South Willow Walk Drive
yes,West Oxford Place
yes,West Magnolia Street
yes,Century Court
yes,Eleanore Court
yes,West Heather Lane
yes,East Pintail Court
yes,North Lowell Avenue
yes,Tonne Road
yes,West Algonquin Road
yes,West Euclid Avenue
yes,Swallow Lane
yes,Braddock Drive
yes,North Drake Avenue
yes,Cortez Street
yes,Essex Way
yes,West Martha Lane
yes,Central Road
yes,West Eastman Street
yes,West Eastman Street
yes,West Burgoyne Road
yes,Martingale Road
yes,South 15th Avenue
yes,South Falmore Drive
yes,Cleveland Court
yes,South Evergreen Avenue
no,Willow Lane
yes,West Crooked Willow Lane
yes,Division Street
yes,Division Street
yes,West 35th Street
yes,Haddon Street
yes,Teal Court
yes,East Sigwalt Street
yes,East Fairview Street
yes,West Pensacola Avenue
yes,West Fairview Street
no,Burnham Greenway Red Paved Trail
yes,East Higgins Road
yes,Pheasant Drive
yes,West Warner Avenue
yes,West Devon Court
yes,North Vail Avenue
yes,North Wedgewood Lane
yes,East Clarendon Avenue
yes,South Arlington Heights Road
yes,South Arlington Heights Road
yes,Thrush Court
yes,East Wing Street
yes,Tall Trees Court
yes,East Mayfair Road
yes,Yosemite Trail
yes,East Noyes Street
yes,East Noyes Street
yes,North 9th Avenue
yes,East White Oak Street
yes,Driftwood Lane
yes,North Village Drive
yes,West Skylark Court
yes,South Whipple Street
yes,East Oaksbury Lane
yes,Concord Drive
yes,Thornhill Court
yes,North Evergreen Avenue
yes,West Oakton Street
yes,King's Mill Court
yes,River Street
yes,Newgate Court
yes,South Mitchell Avenue
yes,West Clarendon Street
yes,Bobolink Lane
yes,West Butternut Lane
yes,La Salle Court
yes,South Highland Avenue
yes,South Highland Avenue
no,Beau Court
yes,Marble Hill Court
yes,Peacock Court
yes,Andy Drive
yes,West Pendergast Lane
yes,Kimball Hill Drive
yes,East Kingfisher Lane
